Datum,Cena

2016-09-11,33.99

2016-10-02,33.99

2016-06-16,40.99

2016-10-13,33.99

2016-06-19,57.99

2016-06-12,48.99

2016-05-08,30.59

2016-07-03,48.99

2016-08-21,48.99

2016-07-24,48.99

2016-06-05,40.99

2016-07-21,57.99

2016-08-11,57.99

2016-08-28,40.99

2016-07-31,67.99

2016-06-09,40.99

2016-09-25,33.99

2016-08-07,67.99

2016-10-20,33.99

2016-05-19,22.54

2016-06-02,48.99

2016-09-15,33.99

2016-05-01,22.54

2016-10-06,33.99

2016-05-15,30.59

2016-08-04,67.99

2016-09-04,40.99

2016-05-26,22.54

2016-09-22,40.99

2016-07-10,48.99

2016-10-23,33.99

2016-09-29,33.99

2016-09-18,33.99

2016-06-30,48.99

2016-09-01,40.99

2016-09-08,33.99

2016-05-29,33.99

2016-06-26,48.99

2016-10-27,33.99

2016-08-18,57.99

2016-06-23,40.99

2016-05-05,22.54

2016-07-14,40.99

2016-05-12,22.54

2016-10-09,33.99

2016-08-25,48.99

2016-07-28,57.99

2016-10-16,33.99

2016-05-22,36.89

2016-04-28,30.59

2016-08-14,67.99

2016-07-07,48.99

2016-07-17,57.99

